Feature,Mean_Class0,Mean_Class1,Median_Class0,Median_Class1,Std_Class0,Std_Class1,CohenD,AbsCohenD,T_pvalue,U_pvalue,ROC_AUC,N_Class0,N_Class1,T_pvalue_FDR,U_pvalue_FDR,Significant_T,Significant_U
mfcc_18_min,-33.949044250860446,-30.50085748525766,-33.469879150390625,-30.596738815307617,6.15084575855441,5.5919432148783255,0.5748373587921768,0.5748373587921768,0.00011636823205292021,0.0001501557675906687,0.6607879924953095,164,65,0.010493505420006122,0.015270898511181496,True,True
mfcc_18_p10,-12.101537352654992,-10.675469578229464,-12.245100975036621,-10.352836608886719,2.789850541843739,3.3086882080620676,0.4841683226683613,0.4841683226683613,0.001109837979361789,0.000267601362329428,0.6545966228893059,164,65,0.018201342861533337,0.015270898511181496,True,True
mfcc_17_p10,-9.643264934784028,-8.306472088740422,-9.795008182525635,-8.147330284118652,2.382611867044016,2.2283187639334163,0.5712446420549234,0.5712446420549234,0.0001279695782927576,0.00027934570447283224,0.6541275797373358,164,65,0.010493505420006122,0.015270898511181496,True,True
mfcc_18_mean,-3.495426608090539,-2.1966640852964843,-3.7820684909820557,-1.8702964782714844,2.3722953544333008,2.8279050057626285,0.5176131385308723,0.5176131385308723,0.0005002497839329628,0.0004409617128919739,0.64906191369606,164,65,0.01367349409416765,0.017932720101007067,True,True
mfcc_17_mean,-0.763538359959678,0.39106201535234086,-0.889098584651947,-0.05774260684847832,2.104654225602181,2.0205508858055867,0.5547532629458622,0.5547532629458622,0.00019677966022108425,0.0005467292713721667,0.646622889305816,164,65,0.010757288092085938,0.017932720101007067,True,True
mfcc_18_p90,4.857461784670993,6.136819835809561,4.334921598434448,6.253951072692871,2.3341485770329133,2.7562462316716982,0.5199596676978774,0.5199596676978774,0.00047231624943704255,0.0007093050084015565,0.6436210131332084,164,65,0.01367349409416765,0.019387670229642544,True,True
mfcc_17_median,-0.6931387006146151,0.39612888235312244,-0.7456961572170258,0.17373527586460114,2.0338515001007313,1.9877147936764654,0.5389877830521426,0.5389877830521426,0.00029420322778218584,0.0009756212730410084,0.6398686679174485,164,65,0.01206233233906962,0.01984199817878753,True,True
mfcc_18_median,-3.28062009516104,-2.0855245865308323,-3.4591792821884155,-1.7160589694976807,2.2805910482434655,2.7202816502713123,0.49533911687855475,0.49533911687855475,0.0008544183615598687,0.0010068168991186086,0.6394934333958724,164,65,0.017515576411977308,0.01984199817878753,True,True
mfcc_19_median,-3.550042987596698,-2.5441397600449047,-3.8145551681518555,-2.7569265365600586,2.2248307063885657,2.480076620294713,0.43741316054028256,0.43741316054028256,0.0031525271960206047,0.0010888901439578523,0.6385553470919325,164,65,0.04700131455885265,0.01984199817878753,True,True
mfcc_19_mean,-3.6496619137867197,-2.66841259028476,-3.8429369926452637,-2.8675711154937744,2.321196010879649,2.514330793391775,0.4127688345096356,0.4127688345096356,0.00528679522798397,0.0012331714910530573,0.6370544090056285,164,65,0.056200453149346706,0.020224012453270136,False,True
mfcc_17_p90,8.029209150773722,9.091206418550932,8.02466869354248,8.7836332321167,2.1935840506827384,2.1209699333966228,0.48864374103506364,0.48864374103506364,0.000999985795199827,0.001902840143353141,0.6317073170731707,164,65,0.018201342861533337,0.026005481959159592,True,True
mfcc_19_p10,-12.213402534403452,-11.11717740205618,-12.303436756134033,-10.87757682800293,2.879189566946763,3.1385547179471662,0.3710206703249531,0.3710206703249531,0.012037861636521919,0.0030425723469888295,0.625703564727955,164,65,0.06696748433660987,0.03615732171339301,False,True
mfcc_15_max,35.810466824508296,38.583980237520656,35.46334457397461,38.16941833496094,5.137509419516033,6.433524989731906,0.5012026590797581,0.5012026590797581,0.0007434339090779529,0.003086600634070135,0.6255159474671671,164,65,0.017417594441254895,0.03615732171339301,True,True
mfcc_11_min,-42.68098603225336,-38.657929552518404,-42.026018142700195,-37.655128479003906,11.195522025414482,9.716979402013981,0.3725336986492992,0.3725336986492992,0.011697845579796848,0.005080194213883578,0.6188555347091934,164,65,0.06696748433660987,0.052071990692306676,False,False
mfcc_19_p90,4.777906092701525,5.62383973965278,4.583616495132446,5.4496750831604,2.2158745702591447,2.3279412686393344,0.3762989697812201,0.3762989697812201,0.01088863284035908,0.006269893634888245,0.6159474671669795,164,65,0.06696748433660987,0.05634035013024002,False,False
mfcc_17_min,-30.866369538190888,-28.608149220393255,-30.81903648376465,-28.41655921936035,5.486560872529332,4.991515373863334,0.4219690073711482,0.4219690073711482,0.004370634666677927,0.006397400422521122,0.6156660412757974,164,65,0.051198863238227144,0.05634035013024002,False,False
mean_event_duration_sec,0.8943331608223763,1.0401964970412234,0.818321309879457,0.9801338688085677,0.3694894014306737,0.42733019592981614,0.37722586362093263,0.37722586362093263,0.010697274412761866,0.010312051904789041,0.6088180112570357,164,65,0.06696748433660987,0.07713963579736337,False,False
mfcc_19_min,-35.634857526639614,-32.653865403395436,-34.52865791320801,-31.366653442382812,7.394171600922722,7.261159188258425,0.4051960141587787,0.4051960141587787,0.006168342418830736,0.011926805363760258,0.6066604127579738,164,65,0.056200453149346706,0.07713963579736337,False,False
mfcc_10_min,-39.42096114740139,-34.56537331801194,-37.02120399475098,-34.803932189941406,12.339410077635238,10.428979821189298,0.41037580720134276,0.41037580720134276,0.005552133532115002,0.012001838434860973,0.6065666041275798,164,65,0.056200453149346706,0.07713963579736337,False,False
mfcc_15_mean,3.736648150958212,4.786934025270434,4.2008562088012695,5.219972133636475,2.9564340071045447,2.879829716675806,0.3578439594118317,0.3578439594118317,0.015392094416474647,0.01401876303502285,0.6042213883677299,164,65,0.07888448388443256,0.07837585706553753,False,False
mfcc_15_median,3.6216864978394856,4.62509026664954,4.065054178237915,4.983361721038818,2.856856839302183,2.8049993351289886,0.353021311693331,0.353021311693331,0.016812813862611787,0.014814948591656486,0.6033771106941839,164,65,0.08109710216083332,0.07837585706553753,False,False
mfcc_03_p10,-75.239397502527,-68.39083674504207,-75.55807495117188,-67.95140075683594,21.056648472259667,19.610568818397432,0.33150187209750587,0.33150187209750587,0.02465912042399092,0.02024205455629227,0.5984990619136961,164,65,0.09493330033821903,0.09078341319779039,False,False
mfcc_20_median,-3.289108340105996,-2.360982399376539,-3.3701807260513306,-2.3642024993896484,2.5337557492525478,2.785471712424105,0.35598771754530034,0.35598771754530034,0.015925827251529537,0.020481623709257588,0.5983114446529082,164,65,0.07914653543184376,0.09078341319779039,False,False
mfcc_16_mean,-0.33667104478312154,0.714852881947389,0.14671826362609863,0.6205846667289734,2.727724121595047,2.5295157619757886,0.39333868059497235,0.39333868059497235,0.007818498816917617,0.021716920915600697,0.5973733583489681,164,65,0.063807404269083,0.09372565868838195,False,False
mfcc_16_median,0.03764431033192611,1.0247427658965955,0.5547927618026733,1.311253309249878,2.631161269420825,2.4621679194938033,0.38191030035521417,0.38191030035521417,0.00977546405068623,0.023150168291092694,0.5963414634146342,164,65,0.06679900434635591,0.09491568999348003,False,False
mfcc_15_p10,-6.01099223479992,-4.955831557741532,-5.344349145889282,-4.389164447784424,3.2609318852537412,2.994816786341664,0.33096298868000207,0.33096298868000207,0.02489104825941109,0.023966030221957948,0.5957786116322703,164,65,0.09493330033821903,0.09586412088783179,False,False
mfcc_10_p10,-4.665539296343923,-3.1696988298342776,-4.3354034423828125,-1.9377936124801636,5.470064597386002,6.090148466641951,0.26466710798104726,0.26466710798104726,0.07228002009908313,0.025526673406176065,0.5947467166979362,164,65,0.1852175515039005,0.09967558187173511,False,False
mfcc_11_p10,-7.150935540112053,-5.722742450008026,-6.474107265472412,-4.958280086517334,5.046884596344661,4.719508680704676,0.28812955962253345,0.28812955962253345,0.05053586358600206,0.02795333094528155,0.5932457786116323,164,65,0.14047256996787014,0.10541958877182427,False,False
mfcc_15_p90,13.705086779303667,14.781483958317683,14.11909532546997,15.220427513122559,3.1374268209513856,3.1844981616237504,0.3416299651288538,0.3416299651288538,0.02063760382061506,0.029568909045755588,0.5923076923076923,164,65,0.09147478450218567,0.10541958877182427,False,False
mfcc_16_p10,-10.383657404562323,-9.179124956864577,-10.081415176391602,-9.243108749389648,3.3603083802506997,2.9406141668975065,0.3709134746946115,0.3709134746946115,0.012062282465911137,0.03178871720680413,0.5910881801125705,164,65,0.06696748433660987,0.10861145045658077,False,False
mfcc_10_mean,8.818760699615247,10.399285826316246,9.000540733337402,10.468070983886719,4.860075467334294,5.315406148429816,0.31657001100589127,0.31657001100589127,0.031829240318874165,0.03178871720680413,0.5910881801125705,164,65,0.1110637321764971,0.10861145045658077,False,False
mfcc_16_p90,9.233082271203763,10.183796420464148,9.426875114440918,10.178770065307617,2.754384401910031,2.6424031077810723,0.34910644255793577,0.34910644255793577,0.01805007583138871,0.033777170432166444,0.5900562851782364,164,65,0.0822281232318819,0.11041892364190864,False,False
mfcc_10_p90,22.3381092257616,24.182859244713416,21.928030967712402,23.8297119140625,5.462724561520904,5.756904777252577,0.33255248915880997,0.33255248915880997,0.024212363282910574,0.03606676214823035,0.5889305816135084,164,65,0.09493330033821903,0.11374901908288032,False,False
mfcc_20_mean,-3.2238611814724965,-2.352340965775343,-3.250157117843628,-2.6393115520477295,2.598320151853252,2.8128785150377182,0.32756967179884655,0.32756967179884655,0.02639562962221298,0.039113659370403564,0.5875234521575984,164,65,0.09838371041006655,0.11878963216196639,False,False
mfcc_10_median,8.822099960840694,10.258363327613244,8.686408519744873,10.405924797058105,4.523836000291789,5.003478465936698,0.3079426491998966,0.3079426491998966,0.036742244194206616,0.04237643219587639,0.5861163227016887,164,65,0.11587938553557471,0.1263588160022496,False,False
mfcc_11_max,47.913468291119834,50.42745132446289,47.66036605834961,50.4449348449707,8.870662304025789,7.730966547387632,0.2935283138048527,0.2935283138048527,0.046401466834310956,0.049339397342993016,0.5833958724202626,164,65,0.13793069109380854,0.13697172746484915,False,False
mfcc_20_p10,-11.045735792415899,-10.16891595033499,-11.271202087402344,-10.294116020202637,2.7763228574649617,2.9752099414689037,0.309413766153236,0.309413766153236,0.03586114287039083,0.05275917490374221,0.5821763602251406,164,65,0.1153181849165509,0.13728819654350946,False,False
mfcc_11_mean,6.445751137594216,7.318210024558581,7.015178680419922,7.2473554611206055,3.9453417245083515,3.6127042688167488,0.22635016923445067,0.22635016923445067,0.12389997683500191,0.09507853385280246,0.5708255159474672,164,65,0.2745891378505448,0.21360108975150144,False,False
mfcc_08_min,-46.25539094645803,-43.48633299607497,-45.80552673339844,-43.39596176147461,11.906298272756512,9.284596243425886,0.24659286448280765,0.24659286448280765,0.09385717347006448,0.12334564431189607,0.5653846153846154,164,65,0.22308081810276192,0.2560593122424171,False,False
mfcc_18_max,23.84087762600038,24.971792103694035,23.24123477935791,24.820999145507812,5.430631440093757,5.461306787601194,0.20791553984569563,0.20791553984569563,0.15739869996332334,0.12334564431189607,0.5653846153846154,164,65,0.3186837875800621,0.2560593122424171,False,False
mfcc_20_p90,4.677987890000024,5.503527553264911,4.730636119842529,5.290768623352051,2.7453824541583747,3.0650717842891453,0.2907688541513037,0.2907688541513037,0.04847740081625672,0.1271605572583118,0.5647279549718575,164,65,0.1394788374362474,0.26067914237953915,False,False
duration_sec,128.3481151484984,137.39915646258504,131.80802721088435,133.63201814058957,33.1651789194533,28.002644414627742,0.284672036629195,0.284672036629195,0.0533435975041637,0.13477394029804937,0.5634615384615385,164,65,0.14580583317804746,0.26954788059609874,False,False
mfcc_10_max,56.009098169280264,58.534861403245195,55.51028633117676,58.55890655517578,11.712263506024994,11.425454390311623,0.21713702327402426,0.21713702327402426,0.13986642173675023,0.14153814616428378,0.5623827392120075,164,65,0.30181701532667154,0.27966573458966915,False,False
mfcc_17_max,27.848566625176407,28.60053085914025,26.84330940246582,28.25539779663086,4.515016864091229,4.602923665054478,0.1656318567701608,0.1656318567701608,0.2596400544373801,0.15908897040581516,0.5597560975609757,164,65,0.45393040226685344,0.3033789668203917,False,False
mfcc_16_max,27.67346105342958,28.777840951772838,26.855974197387695,27.999164581298828,5.139101218457733,5.154306021031555,0.21471818067809056,0.21471818067809056,0.1443118541132175,0.16238933927133803,0.5592870544090057,164,65,0.30722871564055426,0.30611323724712,False,False
mfcc_11_p90,19.55395235084906,20.30619279421293,19.429226875305176,20.238739013671875,4.259112190393412,3.634115278171806,0.1838061675972742,0.1838061675972742,0.2111073109922521,0.17895327423664498,0.5570356472795497,164,65,0.39350218614065624,0.32975659522258177,False,False
mfcc_11_median,6.8544263567139465,7.419655305834917,7.4936628341674805,7.846565246582031,3.6532849788895123,3.4384335707561946,0.15726969948428643,0.15726969948428643,0.2844036032817694,0.184744876391019,0.5562851782363978,164,65,0.4759407238592876,0.3366462192014124,False,False
mfcc_03_min,-162.20563232607958,-158.6134495661809,-162.2940216064453,-158.92840576171875,16.794048448230104,17.214131758977924,0.21238500579446265,0.21238500579446265,0.14870237845319412,0.2006057807150542,0.5543151969981238,164,65,0.30869860843447894,0.3435882527657499,False,False
mfcc_01_p10,-481.4836377399724,-477.67517841045674,-485.41270446777344,-472.1869812011719,28.75631914977885,28.189831371761787,0.13317343504816795,0.13317343504816795,0.36451861479570113,0.2021666580618121,0.5541275797373358,164,65,0.5803985711310192,0.3435882527657499,False,False
mfcc_02_p10,64.94631680046639,67.77411722036508,63.910757064819336,68.9916763305664,16.979947400423217,14.194843146113145,0.17409207674424565,0.17409207674424565,0.23615726639222487,0.20373636863903366,0.5539399624765479,164,65,0.42560210646510854,0.3435882527657499,False,False
mfcc_03_mean,-9.045183690264821,-5.398070804430888,-9.290524005889893,-6.840161323547363,15.523858768232316,16.492139222615762,0.23078814184272645,0.23078814184272645,0.1167380203633027,0.20452454236217354,0.5538461538461539,164,65,0.2659032686053006,0.3435882527657499,False,False
mfcc_15_min,-29.581160173183534,-28.91852971590482,-29.55339527130127,-27.680191040039062,6.14396408356075,6.43342723323405,0.10641354674897525,0.10641354674897525,0.46856499656380945,0.23789159463432363,0.550093808630394,164,65,0.6740759599689891,0.39408304565685937,False,False
mfcc_09_min,-37.48693562716973,-35.66697161747859,-36.96893119812012,-35.86499786376953,9.04611378741002,7.57138846181949,0.2102594108353793,0.2102594108353793,0.15279100239774937,0.2578017612338859,0.548030018761726,164,65,0.31322155491538617,0.4186088004193791,False,False
mfcc_14_p90,9.587663220196236,10.088781611736005,9.895262718200684,9.873285293579102,3.1621239160515175,3.199413708841306,0.1579478934386769,0.1579478934386769,0.28233719426264137,0.3297947846039676,0.5413696060037523,164,65,0.4759407238592876,0.520061006490872,False,False
mfcc_20_min,-31.892996846175777,-30.963362150925857,-31.26451301574707,-30.22083282470703,6.322275407944179,6.469500955420592,0.14607415079803776,0.14607415079803776,0.32000501612393634,0.3420148126357432,0.5403377110694184,164,65,0.519612105389362,0.5291549931345461,False,False
mfcc_03_median,-0.1834994539981935,3.4579014386122044,1.4821236729621887,2.5960798263549805,18.07486217500644,19.01100445522446,0.19851034184236485,0.19851034184236485,0.1769583361258264,0.3420148126357432,0.5403377110694183,164,65,0.34549008481708965,0.5291549931345461,False,False
mfcc_02_min,9.189844788574591,11.277498767926144,11.455485820770264,13.912592887878418,16.24086947359331,13.214353868042316,0.13514320140768343,0.13514320140768343,0.3574807832518542,0.3803860548489867,0.5372420262664166,164,65,0.5747730240520008,0.5830216167778861,False,False
mfcc_14_p10,-12.183112708533683,-11.817797763531024,-12.241133689880371,-11.589982032775879,3.3221280597912366,3.1614730801253526,0.11145702637440837,0.11145702637440837,0.447777232967694,0.38885320253826106,0.5365853658536586,164,65,0.662779840511173,0.5850635340942644,False,False
mfcc_14_mean,-1.0334645203064854,-0.6408959503357227,-0.94045490026474,-0.4387684464454651,3.020546273666204,2.9037237993087013,0.13137855542520016,0.13137855542520016,0.37100694303730697,0.4341820144175329,0.5332082551594748,164,65,0.5850494101742149,0.6357665211113874,False,False
mfcc_01_min,-535.1990719306759,-532.397705078125,-531.3716430664062,-527.7424926757812,25.005106467264138,23.086950722098905,0.11443714640219077,0.11443714640219077,0.4357461969947488,0.43940040490532284,0.5328330206378987,164,65,0.662779840511173,0.6377138619864863,False,False
rms_max,0.3237974630532468,0.3334814945092568,0.30575893819332123,0.33372554183006287,0.09851525658383188,0.09572275868567459,0.09908354509648389,0.09908354509648389,0.49971328202280774,0.4673807211488401,0.5308630393996248,164,65,0.6962713363773568,0.6607796402449119,False,False
mfcc_14_median,-0.637986059005304,-0.30661785017985566,-0.31317614018917084,-0.027170896530151367,2.9717820753524697,2.8462112902194217,0.11282838522714093,0.11282838522714093,0.442217470840759,0.5392688394689078,0.5260787992495309,164,65,0.662779840511173,0.738740958874052,False,False
mfcc_16_min,-34.92435557667802,-34.38734623835637,-33.999107360839844,-34.05492401123047,5.726842155517878,5.867063808091069,0.09312212671160894,0.09312212671160894,0.5258394280622232,0.5436637420944919,0.525797373358349,164,65,0.7197896081963998,0.738740958874052,False,False
mfcc_05_min,-73.734843230829,-72.55195177518405,-72.96415328979492,-71.99694061279297,12.675046465030709,9.585472696518854,0.09952347559852416,0.09952347559852416,0.4978131261384734,0.5495512011136241,0.525422138836773,164,65,0.6962713363773568,0.738740958874052,False,False
mfcc_14_min,-40.69498962309302,-39.81881376413199,-39.789756774902344,-39.917945861816406,7.19442153601214,6.4915118393308795,0.1251074048571758,0.1251074048571758,0.39423794636868825,0.6366909098482489,0.5200750469043152,164,65,0.6157621257568083,0.826265471909526,False,False
silence_percent,17.59482176244067,18.948495568663198,15.019442258536772,15.680361854504335,11.798918241088652,13.40069739397257,0.11030855437035582,0.11030855437035582,0.4524639776439181,0.6493740634736735,0.5193245778611632,164,65,0.662779840511173,0.8320105188256443,False,False
mfcc_07_std,14.764534769988641,14.860958539522612,14.691600322723389,14.722512245178223,1.5813867654727358,1.5339755790010454,0.06148828695309337,0.06148828695309337,0.6752324798415179,0.7241895253305228,0.5150093808630394,164,65,0.8559591100118266,0.9135929396477365,False,False
mfcc_07_p90,22.34002276455484,22.44847767169659,22.408132553100586,22.885128021240234,6.71938796888297,5.267514068614492,0.01709627518095223,0.01709627518095223,0.9072453087947435,0.7425112381441464,0.5139774859287054,164,65,0.9599240686602448,0.9225139625427274,False,False
mfcc_13_min,-39.6342375685529,-39.193071893545294,-39.7702579498291,-38.84519577026367,7.835609093981347,6.523449032690239,0.05890873016968362,0.05890873016968362,0.6881204480402484,0.7559290465066703,0.5132270168855535,164,65,0.8614637670122195,0.9272260821819551,False,False
mfcc_02_mean,118.9586751984387,120.42717426006611,119.69770050048828,118.31031036376953,15.457477957258332,13.235160971358695,0.0987917559407902,0.0987917559407902,0.5009757176373665,0.7576115549535487,0.5131332082551595,164,65,0.6962713363773568,0.9272260821819551,False,False
zcr_mean,0.0722235275096277,0.07331987315403894,0.07217463450715302,0.07162679177108539,0.012248810224095318,0.014118629451878147,0.08562755504620596,0.08562755504620596,0.5596542556073318,0.7643530055227383,0.5127579737335834,164,65,0.7462056741431091,0.9285473548572525,False,False
mfcc_09_median,8.608163411660891,8.889353975882898,8.567042827606201,7.841802597045898,4.706413197542491,4.356721228741111,0.060989074007004804,0.060989074007004804,0.6777193219293804,0.8120172263317927,0.5101313320825517,164,65,0.8559591100118266,0.9606102675940758,False,False
mfcc_08_p10,-11.81834281444913,-11.519438399030612,-11.840590476989746,-10.770735740661621,6.795647127618391,5.419414743829444,0.046431857461443356,0.046431857461443356,0.7516910805595707,0.8430429421399189,0.5084427767354596,164,65,0.9131654608279229,0.9606102675940758,False,False
mfcc_19_max,26.244160221844183,26.069035838200495,25.808547019958496,26.403682708740234,6.180452229471519,4.783784228241174,-0.030086478342507845,0.030086478342507845,0.8375426503502358,0.8499725673797351,0.5080675422138837,164,65,0.9347046957795055,0.9606102675940758,False,False
mfcc_09_p10,-5.923826570350041,-5.604602851546728,-5.972468137741089,-5.9209089279174805,5.201392551483282,4.6579825325084485,0.0631613115861263,0.0631613115861263,0.6669243847073107,0.8517068080501802,0.5079737335834897,164,65,0.8559591100118266,0.9606102675940758,False,False
spectral_bandwidth_mean,1329.1592810957466,1343.2192843782102,1319.626761229668,1305.287145953676,152.88405095524791,181.2175961004997,0.08712535784615237,0.08712535784615237,0.5528122233590689,0.8551774333459454,0.5077861163227018,164,65,0.743124628122027,0.9606102675940758,False,False
mfcc_12_min,-41.318053222284085,-40.940790000328654,-40.39200973510742,-40.42462158203125,9.356218392710199,9.129417926171715,0.04059721528354877,0.04059721528354877,0.782043262869021,0.8551774333459454,0.5077861163227018,164,65,0.9221221232368605,0.9606102675940758,False,False
mfcc_02_median,119.79076469235304,120.93765880878155,120.24702072143555,118.59717559814453,16.995442266865457,15.082124509544938,0.06959939247711991,0.06959939247711991,0.6353427377028442,0.9233331755020873,0.5041275797373358,164,65,0.8269540395497338,1.0,False,False
mfcc_07_median,5.093452644693415,5.077901545854715,6.322726249694824,5.957514762878418,6.626332500267266,5.459595177137981,-0.002460917555585399,0.002460917555585399,0.9866186726310339,0.9497257792227538,0.5027204502814259,164,65,1.0,1.0,False,False
mfcc_03_p90,40.874429638792826,41.39907272045429,41.0522518157959,39.27779006958008,13.809177867698317,15.837622279538312,0.03640824748186086,0.03640824748186086,0.8040455098955551,0.9620630083141548,0.502063789868668,164,65,0.9221221232368605,1.0,False,False
mfcc_08_p90,19.412906158261183,19.572541390932525,18.489322662353516,19.257429122924805,6.3326352736886005,7.042302493514658,0.024407128587076724,0.024407128587076724,0.86789261427678,0.9638262806021266,0.501969981238274,164,65,0.9478290096084048,1.0,False,False
mfcc_10_std,10.993295361356038,11.076733325077937,10.86405611038208,10.736634254455566,1.433430415936338,1.5435822335588656,0.05694161514115115,0.05694161514115115,0.6980104290084141,0.972645123611031,0.5015009380863039,164,65,0.8672250784649994,1.0,False,False
mfcc_08_mean,3.924492997912372,4.054568850306365,3.7654378414154053,4.617883682250977,6.170635791790974,5.749178037175301,0.021483163830398694,0.021483163830398694,0.8835977886193619,0.9867617828560807,0.500750469043152,164,65,0.9478290096084048,1.0,False,False
mfcc_14_max,31.953944159717096,32.08691535362831,31.400390625,30.924570083618164,6.294199726588907,6.04502575834567,0.021360979413134494,0.021360979413134494,0.8842551126224752,0.9885267474536074,0.500656660412758,164,65,0.9478290096084048,1.0,False,False
mfcc_07_mean,4.407349158305584,4.381442544551996,5.16336464881897,4.978935718536377,6.5018684753730165,5.225069297954058,-0.004199688452030301,0.004199688452030301,0.9771661042331308,0.9920568364625258,0.50046904315197,164,65,1.0,1.0,False,False
f0_valid_ratio,1.0,1.0,1.0,1.0,0.0,0.0,,,1.0,1.0,0.5,164,65,1.0,1.0,False,False
sample_rate,22050.0,22050.0,22050.0,22050.0,0.0,0.0,,,1.0,1.0,0.5,164,65,1.0,1.0,False,False
f0_min,50.0,50.0,50.0,50.0,0.0,0.0,,,1.0,1.0,0.5,164,65,1.0,1.0,False,False
spectral_flatness_mean,0.00015748739138132803,0.0001569177043333722,0.00014891984562658505,0.0001453220213302397,7.213718736248481e-05,6.944199023582479e-05,-0.00798019511666787,0.00798019511666787,0.9566268805409244,0.9973522399441136,0.499812382739212,164,65,0.9929544835994405,1.0,False,False
mfcc_09_mean,9.04054376174037,9.172343824689206,8.969026565551758,8.853522300720215,4.953897102344483,4.519925131690819,0.027256828454001958,0.027256828454001958,0.8526366136570783,0.9920568364625258,0.49953095684803,164,65,0.938472514360811,1.0,False,False
mfcc_14_std,8.781109138232905,8.8064483495859,8.74534797668457,8.63599967956543,0.7842053971296291,0.8054123332790112,0.03206512635967057,0.03206512635967057,0.8270234098680027,0.9867617828560807,0.49924953095684804,164,65,0.9347046957795055,1.0,False,False
spectral_centroid_mean,1251.1007119734722,1249.745035856046,1270.3193163746341,1256.3846621142516,131.24537596584153,158.29211932028994,-0.00972486436090358,0.00972486436090358,0.947157152074228,0.9127980860858674,0.4953095684803002,164,65,0.9929544835994405,0.9979925741205483,False,False
mfcc_02_p90,170.84406959719774,171.523433978741,170.82682037353516,170.3840789794922,16.563358564254564,15.162707102542184,0.04198599270572694,0.04198599270572694,0.774786443015941,0.9040304567880999,0.4948405253283302,164,65,0.9221221232368605,0.9950402343171032,False,False
mfcc_07_min,-58.8860629011945,-59.15088371863732,-57.74618911743164,-58.81036376953125,8.765944146052746,9.016905168829048,-0.02996584800301184,0.02996584800301184,0.838184933550859,0.902278299398951,0.49474671669793624,164,65,0.9347046957795055,0.9950402343171032,False,False
mfcc_08_median,4.076530468536586,4.0599285391660835,4.066617965698242,4.485177993774414,6.003613029935213,5.6229772278437515,-0.00281446641413844,0.00281446641413844,0.9846964604592993,0.8621270298480869,0.4925891181988743,164,65,1.0,0.9618287952046682,False,False
spectral_rolloff_std,1186.5684084346392,1180.0872185164021,1171.504884698011,1188.6923156967166,267.84025674268855,308.47194322357535,-0.023155906841895342,0.023155906841895342,0.8746071183366326,0.8499725673797351,0.4919324577861164,164,65,0.9478290096084048,0.9606102675940758,False,False
spectral_rolloff_mean,2258.0849753819807,2271.8774562837507,2242.3965464950234,2183.946241421284,344.2978779240509,423.95727748120424,0.037428293065956214,0.037428293065956214,0.7986726502581502,0.8499725673797351,0.49193245778611633,164,65,0.9221221232368605,0.9606102675940758,False,False
spectral_bandwidth_std,446.500150992123,445.5107245834791,445.51203845383066,440.7615861998199,58.0919029310253,55.093539557637484,-0.017278801652531133,0.017278801652531133,0.9062595984830667,0.8482390522815054,0.49183864915572234,164,65,0.9599240686602448,0.9606102675940758,False,False
mfcc_09_p90,24.605035555071947,24.27866278428298,24.07339859008789,23.894813537597656,6.33328258536106,5.324336170390588,-0.05380510005082447,0.05380510005082447,0.7138864669582072,0.8447742315003046,0.49165103189493436,164,65,0.8802810570010976,0.9606102675940758,False,False
mfcc_07_p10,-14.336031403301693,-14.603281450271606,-13.546336650848389,-14.30634593963623,7.186193185353689,5.912763864354577,-0.03900796648579749,0.03900796648579749,0.7903710697969111,0.8034488953201931,0.4893996247654785,164,65,0.9221221232368605,0.9606102675940758,False,False
f0_max,1997.9928764842668,1995.3003515122514,2004.5454545454545,2004.5454545454545,34.774347949183664,36.64611719916666,-0.07624932406747006,0.07624932406747006,0.6034090474267988,0.4256580118688673,0.4879924953095685,164,65,0.7980571272418951,0.6289001256440923,False,False
mfcc_03_max,82.3840913772583,81.9268908574031,81.90056228637695,78.95052337646484,14.41102040967626,18.834561012292696,-0.028965748965232876,0.028965748965232876,0.8435139937522367,0.7308343402698303,0.4853658536585366,164,65,0.9347046957795055,0.9149376473607036,False,False
mfcc_13_std,9.00135276084993,8.993458131643441,9.002997398376465,8.742565155029297,0.9125892957671072,0.9060950321664112,-0.008668148787145861,0.008668148787145861,0.9528919896470238,0.7109624978367826,0.4842401500938086,164,65,0.9929544835994405,0.9038592995754445,False,False
mfcc_15_std,7.940716749284325,7.916316369863657,7.883214950561523,7.858541011810303,0.6551488616715712,0.6972019866260979,-0.036567279529509486,0.036567279529509486,0.8032072240623622,0.6398519203201818,0.48011257035647287,164,65,0.9221221232368605,0.826265471909526,False,False
mfcc_01_max,17.05923920315577,16.07094742151407,16.277708053588867,12.12739086151123,33.18179042028433,34.4105654830152,-0.029472401760323626,0.029472401760323626,0.8408133603289337,0.6366909098482489,0.47992495309568484,164,65,0.9347046957795055,0.826265471909526,False,False
mfcc_07_max,56.0241515229388,55.580570631760814,55.54509162902832,53.5064697265625,10.425556374035487,10.1247688574548,-0.04289270929197193,0.04289270929197193,0.7700591691051418,0.6272476650554356,0.47936210131332085,164,65,0.9221221232368605,0.826265471909526,False,False
mfcc_04_std,28.451373565487746,28.29208456186148,28.100377082824707,28.034395217895508,3.301078789479067,3.0800136561490543,-0.04915903834995995,0.04915903834995995,0.7376324400108545,0.567399936267809,0.475703564727955,164,65,0.9027740310580606,0.7565332483570787,False,False
mfcc_06_min,-31.86041310938393,-32.32884140014649,-30.43115234375,-32.148414611816406,12.871243425284044,11.513134596905125,-0.03746442698931866,0.03746442698931866,0.7984824972248192,0.5480763940914493,0.47448405253283304,164,65,0.9221221232368605,0.738740958874052,False,False
mfcc_01_mean,-366.66879960967276,-370.2735487717849,-366.7138214111328,-368.1907958984375,33.513893506788264,30.4943445264488,-0.11026796273986396,0.11026796273986396,0.4526301349832401,0.5261918316273195,0.4730769230769231,164,65,0.662779840511173,0.7313174609057662,False,False
mfcc_01_median,-385.76589630871285,-390.0715768667368,-385.3661193847656,-393.1375427246094,39.89564099244166,35.973361524738806,-0.11088562466487988,0.11088562466487988,0.4501055596671003,0.5189974917658207,0.4726078799249531,164,65,0.662779840511173,0.7274836636717485,False,False
mfcc_12_std,9.666162639129453,9.526646636082576,9.569656372070312,9.333540916442871,1.239519291058399,1.1917745886932305,-0.11377485067412561,0.11377485067412561,0.4384036131504643,0.45127252298244314,0.4680112570356473,164,65,0.662779840511173,0.6435538588619188,False,False
f0_mean,469.2685750393359,461.19310064174607,448.3898461022403,445.66724364848176,126.24605305416162,148.03328322299856,-0.06083166932372916,0.06083166932372916,0.6785041725703503,0.44465462349040363,0.4675422138836773,164,65,0.8559591100118266,0.6396785811616333,False,False
mfcc_02_std,40.765412167804996,39.962616201547476,40.091758728027344,39.929134368896484,4.908636593397166,5.246827864151715,-0.1603571825466603,0.1603571825466603,0.275079262663109,0.4174715897148604,0.4655722326454034,164,65,0.474873674492104,0.6224121883021556,False,False
rms_std,0.049972327187566494,0.047820347862748,0.04802612215280533,0.048066768795251846,0.013856987729055872,0.012742967192650643,-0.15879216812676553,0.15879216812676553,0.2797791000577207,0.38885320253826106,0.46341463414634143,164,65,0.4759407238592876,0.5850635340942644,False,False
mfcc_04_min,-112.66892326168897,-113.8585443349985,-110.58970260620117,-114.96612548828125,16.015107040260542,17.44633062885384,-0.07239992274271159,0.07239992274271159,0.6218062933959909,0.29281857152548507,0.4553470919324578,164,65,0.8158098569355401,0.4662353954386364,False,False
mfcc_20_max,26.73898686432257,26.01395131624662,26.13075065612793,24.904680252075195,6.592088535881787,7.107788545385702,-0.1075484468876517,0.1075484468876517,0.4638409082268645,0.2653205778319321,0.45272045028142593,164,65,0.6731850349487237,0.42659387023957707,False,False
mfcc_16_std,7.872131030733993,7.735397771688608,7.7855730056762695,7.551855564117432,0.8544220891731569,0.750565127015927,-0.16544389999689826,0.16544389999689826,0.26017962081148915,0.2513451143854125,0.451313320825516,164,65,0.45393040226685344,0.4122059875920765,False,False
spectral_flatness_std,0.0003178170954788606,0.0002990805110931733,0.00028530444433240844,0.00025463083330232736,0.00019771379422305277,0.00021121482296047398,-0.09293397176930901,0.09293397176930901,0.5266753230705364,0.20531493153075298,0.44624765478424017,164,65,0.7197896081963998,0.3435882527657499,False,False
mfcc_09_std,12.321181262411722,11.956388766948994,12.107713222503662,11.722762107849121,1.8250536083317483,1.3591865815599655,-0.21375025976019407,0.21375025976019407,0.14612097451197092,0.1990537172772302,0.4454971857410882,164,65,0.30722871564055426,0.3435882527657499,False,False
mfcc_18_std,6.827905811914584,6.733066859612098,6.756867170333862,6.612811088562012,0.6173214044695695,0.69361291722154,-0.14824319161559577,0.14824319161559577,0.31288777223752046,0.18917877146586137,0.44427767354596626,164,65,0.5131359464695335,0.3372317230478398,False,False
mfcc_05_std,18.414407776623236,18.08049464592567,18.02744483947754,17.92056655883789,2.253806087625571,2.2305479995309963,-0.14858591492928827,0.14858591492928827,0.3117728726661589,0.18843439092324743,0.4441838649155722,164,65,0.5131359464695335,0.3372317230478398,False,False
mfcc_02_max,252.73790982874428,249.7395991398738,253.10182189941406,249.76133728027344,15.020249338157253,17.00420454932559,-0.1921359111530628,0.1921359111530628,0.19121632046065437,0.16914465908189757,0.4416510318949344,164,65,0.3689350183005567,0.3152241373799,False,False
num_high_energy_events,154.6341463414634,145.69230769230768,153.0,142.0,50.67314052269151,46.8257818530972,-0.18021132027033598,0.18021132027033598,0.2201420016490178,0.1507181952959686,0.43902439024390244,164,65,0.4011476474493213,0.2907974591592806,False,False
mfcc_06_std,15.38470547373702,15.083680959848257,15.48977279663086,14.837035179138184,1.6698604507036992,1.5534319059769888,-0.1837899256770573,0.1837899256770573,0.21114751451449848,0.14334422833676203,0.43789868667917453,164,65,0.39350218614065624,0.27986254103844016,False,False
mfcc_08_max,55.13794388422152,53.20310601454515,53.894975662231445,51.21261978149414,11.173019022190008,12.344151559014746,-0.16802367878355753,0.16802367878355753,0.25284193050032056,0.13448825221611677,0.43649155722326455,164,65,0.450718223935354,0.26954788059609874,False,False
mfcc_11_std,10.831395265532702,10.515408376547006,10.6344575881958,10.298566818237305,1.598986640963422,1.4489797889261755,-0.20279535056311088,0.20279535056311088,0.16783194005063018,0.12173829106037237,0.4343339587242026,164,65,0.33161973696751024,0.2560593122424171,False,False
mfcc_19_std,6.933299163492714,6.792066346682035,6.859081268310547,6.717068195343018,0.7582928251892213,0.8284531818166203,-0.18136677104161805,0.18136677104161805,0.21720812792234503,0.1094624175099238,0.43208255159474673,164,65,0.40024868516027623,0.23620837462667768,False,False
mfcc_06_p10,7.86082776726746,6.7140371829271315,7.336485147476196,6.2549824714660645,4.99828020687811,4.850485201213033,-0.23134503768282366,0.23134503768282366,0.11586289934670678,0.10276660498852971,0.43076923076923074,164,65,0.2659032686053006,0.22471630957491828,False,False
mfcc_04_p10,-46.88103532791138,-49.67680039039025,-46.661590576171875,-49.04494094848633,13.789949580597604,13.628039093524828,-0.20340982269204105,0.20340982269204105,0.16655291917223375,0.09999857914595532,0.4302063789868668,164,65,0.33161973696751024,0.22161847270184692,False,False
mfcc_06_median,26.123285398250673,24.863833471444938,25.72578525543213,24.3831844329834,5.7818430718621885,5.494875253296786,-0.22086356628646706,0.22086356628646706,0.13322618845507356,0.08703863696403348,0.4273921200750469,164,65,0.29132126542176084,0.19825467308474293,False,False
mfcc_08_std,12.479660499386672,12.345345012958234,12.398190021514893,12.097707748413086,1.2467661268205752,1.5451218301910334,-0.10041248577922225,0.10041248577922225,0.4939851429070542,0.08382185572948116,0.42664165103189505,164,65,0.6962713363773568,0.1936166808399283,False,False
mfcc_12_max,42.868754852108836,40.648173112135666,41.13670349121094,39.351806640625,9.717409757039254,9.851304189113428,-0.22762716933340602,0.22762716933340602,0.12180466205590491,0.06881478189475107,0.42279549718574105,164,65,0.27364335037216997,0.16122320329627393,False,False
mfcc_13_max,39.01791298098681,37.261984810462366,37.787960052490234,36.83576202392578,7.293249683259163,7.435323304992894,-0.23943655643599365,0.23943655643599365,0.10372460350596174,0.06780947819566673,0.4225140712945591,164,65,0.24301192821396753,0.1611703539723093,False,False
mfcc_12_p10,-9.478903895107711,-10.564048105707535,-8.988232612609863,-10.594882011413574,4.171850246775306,4.261789531272539,-0.2585275463963779,0.2585275463963779,0.07909825072773112,0.06422620556082378,0.4214821763602252,164,65,0.19654716847496823,0.1548984957643397,False,False
mfcc_01_p90,-218.54150753486448,-228.6526860163762,-218.82854461669922,-225.4752655029297,37.75736160580781,35.9875308665385,-0.271318029946752,0.271318029946752,0.06544821861963804,0.06233851937515436,0.42091932457786124,164,65,0.17037314053366093,0.15258980861978083,False,False
mfcc_20_std,6.432429540448073,6.367855717585637,6.376588821411133,6.112851619720459,0.6540422263567306,0.8871283533485418,-0.08877851285657053,0.08877851285657053,0.5453087959107659,0.0604969627694309,0.4203564727954972,164,65,0.7390962192509554,0.15032578627555557,False,False
mfcc_06_mean,26.717404249237806,25.332886050297663,26.390305519104004,24.754310607910156,5.705799535493801,5.349540211240237,-0.24689820413181376,0.24689820413181376,0.09345362333863716,0.05870072498548949,0.4197936210131332,164,65,0.22308081810276192,0.14810644457877348,False,False
mfcc_13_p90,12.709510419426895,11.800700128995455,12.36772632598877,11.084797859191895,3.7172762710340863,3.4944879994188893,-0.24859149119270388,0.24859149119270388,0.09124106719651573,0.05357588157795491,0.4181050656660413,164,65,0.22308081810276192,0.13728819654350946,False,False
mfcc_06_max,89.30382305238305,85.10180382361779,87.91099548339844,86.62765502929688,11.114307761663545,10.308558662830293,-0.3857480329611467,0.3857480329611467,0.009074074069753196,0.05195289979970345,0.41754221388367735,164,65,0.06470209336693583,0.13728819654350946,False,False
rms_mean,0.03485475452162507,0.031222306392513787,0.0317211989313364,0.030706068500876427,0.012616145496850058,0.010710763855310394,-0.2999709880588399,0.2999709880588399,0.04184619623770117,0.051156958087550934,0.41726078799249533,164,65,0.1270884478330184,0.13728819654350946,False,False
mfcc_04_p90,26.095374869137274,23.0954017162323,24.829586029052734,23.210285186767578,9.239381314667206,10.04246059725344,-0.3166969214061311,0.3166969214061311,0.031761420393291405,0.05011160760909115,0.4168855534709194,164,65,0.1110637321764971,0.13697172746484915,False,False
mfcc_05_p10,-16.80240963508443,-19.340577936172487,-15.849836349487305,-18.299118041992188,7.8578077561672846,8.3292766136984,-0.31752711439578374,0.31752711439578374,0.031320841001976144,0.049084222861290695,0.4165103189493433,164,65,0.1110637321764971,0.13697172746484915,False,False
mfcc_04_max,77.79427807505537,74.77787810105544,74.78186798095703,71.1119384765625,15.694330447898409,16.78993414417903,-0.18839766710373104,0.18839766710373104,0.19996435688445588,0.04562655114447914,0.4151969981238274,164,65,0.38132737824477636,0.13127639276657155,False,False
f0_std,533.7008717168261,508.24386329383066,520.5669667234134,491.30297960359167,88.15755680250322,96.70916475800364,-0.28082658286593326,0.28082658286593326,0.0566192603510431,0.044442467432015124,0.41472795497185744,164,65,0.15222227373067326,0.1301529403366157,False,False
mfcc_06_p90,46.59424281701809,44.78084223820613,46.58320999145508,44.64378356933594,7.14975842838062,6.452687036485551,-0.26053492336344547,0.26053492336344547,0.07681326664432829,0.03828051146362899,0.41210131332082556,164,65,0.19380578045645908,0.11845290339688971,False,False
mfcc_04_mean,-10.102321572601795,-13.468260733439372,-10.51687479019165,-14.317562103271484,11.488036082046674,12.054753970742535,-0.2889067798501401,0.2889067798501401,0.04992216475738803,0.03433759210815451,0.4102251407129456,164,65,0.14047256996787014,0.11041892364190864,False,False
mfcc_05_max,74.05506047969911,69.48533706665039,73.68772506713867,66.45310974121094,15.020693237816303,17.04546536852937,-0.2925906115462055,0.2925906115462055,0.0470982847637395,0.033224588829238635,0.40966228893058165,164,65,0.13793069109380854,0.11041892364190864,False,False
mfcc_03_std,44.96031621607339,42.87992075406588,45.128990173339844,42.47085189819336,6.413474708987276,5.848465915805526,-0.3323664899203676,0.3323664899203676,0.024290937966682833,0.029568909045755588,0.4076923076923077,164,65,0.09493330033821903,0.10541958877182427,False,False
mfcc_17_std,7.0920375004047305,6.946190628638634,7.092939376831055,6.878697395324707,0.5405561056269264,0.5286539287557436,-0.27148084443028186,0.27148084443028186,0.0652879393616325,0.028751350205169356,0.40722326454033775,164,65,0.17037314053366093,0.10541958877182427,False,False
mfcc_04_median,-9.584955818633118,-13.450945181800769,-10.781216144561768,-14.746570587158203,12.737456027192131,13.192978063441565,-0.30044562493407545,0.30044562493407545,0.041526219946470176,0.022751358915504227,0.4033771106941839,164,65,0.1270884478330184,0.09491568999348003,False,False
mfcc_13_p10,-9.382805814103383,-10.38674884576064,-9.217036247253418,-10.290687561035156,3.305160736233651,2.946544003269458,-0.3129387640062234,0.3129387640062234,0.03382339692520172,0.020123189467716494,0.40140712945590995,164,65,0.11334469453541707,0.09078341319779039,False,False
mfcc_13_mean,1.839802788911251,0.875010417172542,1.7056778073310852,0.5563008189201355,3.1706088205354566,2.882559017302566,-0.3120170810400779,0.3120170810400779,0.03434634507486977,0.019422711097422177,0.400844277673546,164,65,0.11334469453541707,0.09078341319779039,False,False
mfcc_05_mean,6.554798243067613,3.6784094558312344,7.044883966445923,4.617424488067627,6.735739041306812,8.734610876753845,-0.3911061102734571,0.3911061102734571,0.008170460302748433,0.019308059760181767,0.400750469043152,164,65,0.063807404269083,0.09078341319779039,False,False
mfcc_05_p90,28.20555019378662,25.327655605169443,28.132474899291992,25.536155700683594,7.415017967618435,9.99992904991203,-0.34983491297316704,0.34983491297316704,0.017813945031388858,0.015555848730558855,0.39737335834896814,164,65,0.0822281232318819,0.07972372474411413,False,False
mfcc_12_mean,2.5834345057061534,1.3988850105267305,2.5411810874938965,0.8709911108016968,3.498110939342685,3.675992667449161,-0.33375440009597984,0.33375440009597984,0.02370994770907145,0.014545234042655881,0.39634146341463417,164,65,0.09493330033821903,0.07837585706553753,False,False
mfcc_13_median,2.104299861210875,1.1317108286114839,2.011328339576721,0.6968716979026794,2.987406274533111,2.7339428750304626,-0.3332867924678936,0.3332867924678936,0.02390432184723203,0.013178623257552584,0.39484052532833025,164,65,0.09493330033821903,0.07718907907995085,False,False
mfcc_05_median,7.796331603261756,4.642905927162904,9.091172218322754,6.09583044052124,6.692079230050899,8.874025677714384,-0.4277043861999594,0.4277043861999594,0.0038753695063789267,0.012775493476778104,0.3943714821763602,164,65,0.04888927684970338,0.07718907907995085,True,False
mfcc_12_p90,14.131424406679665,12.904021549224854,13.794548511505127,12.387555122375488,3.926773397929897,3.9678446549727546,-0.3116504179113667,0.3116504179113667,0.03455630930957838,0.012229454455679559,0.3937148217636023,164,65,0.11334469453541707,0.07713963579736337,False,False
vocalization_rate_per_min,75.36391001892544,65.88245948503707,72.86869650504906,61.44524434205162,24.526470314315105,22.77250055172107,-0.39432250359526894,0.39432250359526894,0.007667787178752129,0.011815014444480968,0.3931988742964353,164,65,0.063807404269083,0.07713963579736337,False,False
spectral_centroid_std,450.69578202621653,425.66232407402464,452.3417225543078,418.9565517157709,69.25650205486932,65.94403887717074,-0.36631373449772875,0.36631373449772875,0.01315271154750754,0.011270005056412413,0.3924953095684803,164,65,0.0695820868964915,0.07713963579736337,False,False
mfcc_09_max,63.364639491569704,58.850672090970555,62.95256042480469,58.690025329589844,12.228341467664837,9.912751923251136,-0.38838906856884203,0.38838906856884203,0.008618017300215306,0.010850177069554337,0.39193245778611635,164,65,0.0642434016925141,0.07713963579736337,False,False
mfcc_12_median,2.9513951331013586,1.7323241657935655,2.9425277709960938,1.2363145351409912,3.2185524139663086,3.478566113520629,-0.37009524218377565,0.37009524218377565,0.0122501495737701,0.00652723568582049,0.3846153846153845,164,65,0.06696748433660987,0.05634035013024002,False,False
zcr_std,0.03822237323285935,0.03592450893466239,0.037865520817171136,0.035390849725863226,0.005703654225165237,0.0054954559104344524,-0.40700907287407273,0.40700907287407273,0.00594593276695659,0.00355993355028077,0.376360225140713,164,65,0.056200453149346706,0.03892194014973642,False,True
mfcc_01_std,101.3980517038485,97.01981623722956,100.6418228149414,96.05229949951172,10.2328451029232,10.033429934929973,-0.43020809485725986,0.43020809485725986,0.0036757144148069046,0.0017000215321681118,0.36688555347091933,164,65,0.04888927684970338,0.025345775570506393,True,True
